{"cameraMode":{"drawMode":0,"name":"Shaded","section":"Shading Mode"},"sceneLighting":false,"audioPlay":false,"sceneViewState":{"m_AlwaysRefresh":false,"showFog":true,"showSkybox":true,"showFlares":true,"showImageEffects":true,"showParticleSystems":true,"showVisualEffectGraphs":true,"m_FxEnabled":true},"in2DMode":false,"pivot":{"x":-2.686708927154541,"y":2.4150118827819826,"z":18.122943878173829},"rotation":{"x":-0.15171009302139283,"y":-0.11600295454263687,"z":0.017653699964284898,"w":-0.9816009402275086},"size":16.051088333129884,"orthographic":false}